/*
Navicat MySQL Data Transfer

Source Server         : localhost
Source Server Version : 50520
Source Host           : localhost:3306
Source Database       : exam

Target Server Type    : MYSQL
Target Server Version : 50520
File Encoding         : 65001

Date: 2014-04-26 12:13:54
*/

SET FOREIGN_KEY_CHECKS=0;

-- ----------------------------
-- Table structure for `admin`
-- ----------------------------
DROP TABLE IF EXISTS `admin`;
CREATE TABLE `admin` (
  `id` int(11) NOT NULL AUTO_INCREMENT COMMENT 'ID',
  `email` varchar(255) DEFAULT NULL COMMENT '邮箱',
  `username` varchar(32) DEFAULT NULL COMMENT '姓名',
  `password` varchar(32) DEFAULT NULL COMMENT '密码',
  `created_at` datetime DEFAULT NULL COMMENT '创建日期',
  `updated_at` timestamp NOT NULL DEFAULT CURRENT_TIMESTAMP ON UPDATE CURRENT_TIMESTAMP COMMENT '更新日期',
  `is_deleted` tinyint(1) DEFAULT '0' COMMENT '是否删除',
  PRIMARY KEY (`id`)
) ENGINE=InnoDB AUTO_INCREMENT=2 DEFAULT CHARSET=utf8;

-- ----------------------------
-- Records of admin
-- ----------------------------
INSERT INTO `admin` VALUES ('1', 'fengxuting@qq.com', 'frank', '123456', '2014-04-07 19:09:51', '2014-04-07 19:09:54', '0');

-- ----------------------------
-- Table structure for `answers`
-- ----------------------------
DROP TABLE IF EXISTS `answers`;
CREATE TABLE `answers` (
  `id` int(11) NOT NULL AUTO_INCREMENT COMMENT 'ID',
  `question_id` int(11) DEFAULT NULL COMMENT 'ID',
  `title` varchar(255) DEFAULT NULL,
  `img` varchar(255) DEFAULT NULL,
  `options` varchar(32) DEFAULT NULL,
  `created_at` datetime DEFAULT NULL COMMENT '创建日期',
  `updated_at` timestamp NOT NULL DEFAULT CURRENT_TIMESTAMP ON UPDATE CURRENT_TIMESTAMP COMMENT '更新日期',
  `is_deleted` tinyint(1) DEFAULT '0' COMMENT '是否删除',
  PRIMARY KEY (`id`),
  KEY `FK_Reference_4` (`question_id`),
  CONSTRAINT `FK_Reference_4` FOREIGN KEY (`question_id`) REFERENCES `questions` (`question_id`)
) ENGINE=InnoDB AUTO_INCREMENT=9 DEFAULT CHARSET=utf8 COMMENT='答案';

-- ----------------------------
-- Records of answers
-- ----------------------------
INSERT INTO `answers` VALUES ('1', '2', 'a', '808206c0-cc4d-11e3-b923-7d3596959a65.jpg', 'A', '2014-04-25 15:46:58', '2014-04-25 15:46:58', '0');
INSERT INTO `answers` VALUES ('2', '2', '', '', 'B', '2014-04-25 15:46:58', '2014-04-25 15:46:58', '0');
INSERT INTO `answers` VALUES ('3', '2', '', '', 'C', '2014-04-25 15:46:58', '2014-04-25 15:46:58', '0');
INSERT INTO `answers` VALUES ('4', '2', '', '', 'D', '2014-04-25 15:46:58', '2014-04-25 15:46:58', '0');
INSERT INTO `answers` VALUES ('5', '1', '', '', 'A', '2014-04-25 15:49:15', '2014-04-25 15:49:15', '0');
INSERT INTO `answers` VALUES ('6', '1', '', '', 'B', '2014-04-25 15:49:15', '2014-04-25 15:49:15', '0');
INSERT INTO `answers` VALUES ('7', '1', '', '', 'C', '2014-04-25 15:49:15', '2014-04-25 15:49:15', '0');
INSERT INTO `answers` VALUES ('8', '1', '', '', 'D', '2014-04-25 15:49:15', '2014-04-25 15:49:15', '0');

-- ----------------------------
-- Table structure for `area`
-- ----------------------------
DROP TABLE IF EXISTS `area`;
CREATE TABLE `area` (
  `area_id` int(11) NOT NULL AUTO_INCREMENT COMMENT 'ID',
  `name` varchar(255) DEFAULT NULL COMMENT '类别名称',
  `created_at` datetime DEFAULT NULL COMMENT '创建日期',
  `updated_at` timestamp NOT NULL DEFAULT CURRENT_TIMESTAMP ON UPDATE CURRENT_TIMESTAMP COMMENT '更新日期',
  `is_deleted` tinyint(1) DEFAULT '0' COMMENT '是否删除',
  PRIMARY KEY (`area_id`)
) ENGINE=InnoDB AUTO_INCREMENT=3 DEFAULT CHARSET=utf8 COMMENT='地区：全国or北京';

-- ----------------------------
-- Records of area
-- ----------------------------
INSERT INTO `area` VALUES ('1', '全国', null, '2014-04-12 22:45:35', '0');
INSERT INTO `area` VALUES ('2', '北京', null, '2014-04-12 22:45:42', '0');

-- ----------------------------
-- Table structure for `code`
-- ----------------------------
DROP TABLE IF EXISTS `code`;
CREATE TABLE `code` (
  `id` int(11) NOT NULL AUTO_INCREMENT COMMENT 'ID',
  `mobile` varchar(32) DEFAULT NULL COMMENT '手机号',
  `code` varchar(32) DEFAULT NULL COMMENT '验证码',
  `created_at` datetime DEFAULT NULL COMMENT '创建日期',
  `updated_at` timestamp NOT NULL DEFAULT CURRENT_TIMESTAMP ON UPDATE CURRENT_TIMESTAMP COMMENT '更新日期',
  `is_deleted` tinyint(1) DEFAULT '0' COMMENT '是否删除',
  PRIMARY KEY (`id`)
) ENGINE=InnoDB DEFAULT CHARSET=utf8 COMMENT='手机验证码';

-- ----------------------------
-- Records of code
-- ----------------------------

-- ----------------------------
-- Table structure for `login_log`
-- ----------------------------
DROP TABLE IF EXISTS `login_log`;
CREATE TABLE `login_log` (
  `id` int(11) NOT NULL AUTO_INCREMENT COMMENT 'ID',
  `user_id` int(11) DEFAULT NULL COMMENT '用户id',
  `mobile` varchar(32) DEFAULT NULL COMMENT '手机号',
  `ip` varchar(32) DEFAULT NULL COMMENT 'IP',
  `created_at` datetime DEFAULT NULL COMMENT '创建日期',
  `updated_at` timestamp NOT NULL DEFAULT CURRENT_TIMESTAMP ON UPDATE CURRENT_TIMESTAMP COMMENT '更新日期',
  `is_deleted` tinyint(1) DEFAULT '0' COMMENT '是否删除',
  PRIMARY KEY (`id`),
  KEY `FK_Reference_1` (`user_id`),
  CONSTRAINT `FK_Reference_1` FOREIGN KEY (`user_id`) REFERENCES `users` (`user_id`)
) ENGINE=InnoDB DEFAULT CHARSET=utf8 COMMENT='登录日志，一个账号24小时内只运行一个IP登录';

-- ----------------------------
-- Records of login_log
-- ----------------------------

-- ----------------------------
-- Table structure for `options`
-- ----------------------------
DROP TABLE IF EXISTS `options`;
CREATE TABLE `options` (
  `option_id` bigint(20) NOT NULL AUTO_INCREMENT COMMENT 'option_id',
  `option_name` varchar(64) DEFAULT NULL COMMENT 'option_name',
  `option_value` longtext COMMENT 'option_value',
  `autoload` varchar(20) DEFAULT 'yes' COMMENT 'autoload',
  PRIMARY KEY (`option_id`)
) ENGINE=InnoDB AUTO_INCREMENT=4 DEFAULT CHARSET=utf8;

-- ----------------------------
-- Records of options
-- ----------------------------
INSERT INTO `options` VALUES ('1', 'siteurl', null, 'yes');
INSERT INTO `options` VALUES ('2', 'sitename', '音乐等级考试', 'yes');
INSERT INTO `options` VALUES ('3', 'sitedesciption', '音乐等级考试', 'yes');

-- ----------------------------
-- Table structure for `papers`
-- ----------------------------
DROP TABLE IF EXISTS `papers`;
CREATE TABLE `papers` (
  `paper_id` int(11) NOT NULL AUTO_INCREMENT COMMENT 'ID',
  `title` varchar(255) DEFAULT NULL COMMENT '试卷名称',
  `description` varchar(255) DEFAULT NULL,
  `created_at` datetime DEFAULT NULL COMMENT '创建日期',
  `updated_at` timestamp NOT NULL DEFAULT CURRENT_TIMESTAMP ON UPDATE CURRENT_TIMESTAMP COMMENT '更新日期',
  `is_deleted` tinyint(1) DEFAULT '0' COMMENT '是否删除',
  PRIMARY KEY (`paper_id`)
) ENGINE=InnoDB AUTO_INCREMENT=3 DEFAULT CHARSET=utf8 COMMENT='试卷';

-- ----------------------------
-- Records of papers
-- ----------------------------
INSERT INTO `papers` VALUES ('1', '试卷1', ' 试卷1', '2014-04-24 22:58:15', '2014-04-24 22:58:15', '0');

-- ----------------------------
-- Table structure for `paper_question_relation`
-- ----------------------------
DROP TABLE IF EXISTS `paper_question_relation`;
CREATE TABLE `paper_question_relation` (
  `id` int(11) NOT NULL AUTO_INCREMENT COMMENT 'ID',
  `paper_id` int(11) DEFAULT NULL COMMENT 'ID',
  `question_id` int(11) DEFAULT NULL COMMENT 'ID',
  `created_at` datetime DEFAULT NULL COMMENT '创建日期',
  `updated_at` timestamp NOT NULL DEFAULT CURRENT_TIMESTAMP ON UPDATE CURRENT_TIMESTAMP COMMENT '更新日期',
  `is_deleted` tinyint(1) DEFAULT '0' COMMENT '是否删除',
  PRIMARY KEY (`id`),
  KEY `FK_Reference_2` (`paper_id`),
  KEY `FK_Reference_3` (`question_id`),
  CONSTRAINT `FK_Reference_2` FOREIGN KEY (`paper_id`) REFERENCES `papers` (`paper_id`),
  CONSTRAINT `FK_Reference_3` FOREIGN KEY (`question_id`) REFERENCES `questions` (`question_id`)
) ENGINE=InnoDB AUTO_INCREMENT=8 DEFAULT CHARSET=utf8 COMMENT='试卷题目关系';

-- ----------------------------
-- Records of paper_question_relation
-- ----------------------------
INSERT INTO `paper_question_relation` VALUES ('5', '1', '2', '2014-04-25 22:50:04', '2014-04-25 22:50:04', '0');
INSERT INTO `paper_question_relation` VALUES ('6', '1', '1', '2014-04-25 22:52:23', '2014-04-25 22:52:23', '0');

-- ----------------------------
-- Table structure for `questions`
-- ----------------------------
DROP TABLE IF EXISTS `questions`;
CREATE TABLE `questions` (
  `question_id` int(11) NOT NULL AUTO_INCREMENT COMMENT 'ID',
  `area_id` int(11) DEFAULT NULL COMMENT 'ID',
  `title` varchar(255) DEFAULT NULL COMMENT '题目',
  `image` varchar(255) DEFAULT NULL COMMENT '图片',
  `sound` varchar(255) DEFAULT NULL COMMENT '声音',
  `label` varchar(255) DEFAULT NULL,
  `created_at` datetime DEFAULT NULL COMMENT '创建日期',
  `updated_at` timestamp NOT NULL DEFAULT CURRENT_TIMESTAMP ON UPDATE CURRENT_TIMESTAMP COMMENT '更新日期',
  `is_deleted` tinyint(1) DEFAULT '0' COMMENT '是否删除',
  PRIMARY KEY (`question_id`),
  KEY `FK_Reference_8` (`area_id`),
  CONSTRAINT `FK_Reference_8` FOREIGN KEY (`area_id`) REFERENCES `area` (`area_id`)
) ENGINE=InnoDB AUTO_INCREMENT=3 DEFAULT CHARSET=utf8 COMMENT='问题';

-- ----------------------------
-- Records of questions
-- ----------------------------
INSERT INTO `questions` VALUES ('1', '1', '问题1', '2ff2ba10-cbc1-11e3-bf98-d9b713b1dfc1.jpg', 'null', '1', '2014-04-12 22:48:18', '2014-04-25 15:50:00', '0');
INSERT INTO `questions` VALUES ('2', '2', '问题2', '54422a50-cc4c-11e3-b923-7d3596959a65.jpg', '55aa9e80-cc4d-11e3-b923-7d3596959a65.mp3', '2', '2014-04-12 22:48:18', '2014-04-26 12:01:19', '1');

-- ----------------------------
-- Table structure for `question_tag_relation`
-- ----------------------------
DROP TABLE IF EXISTS `question_tag_relation`;
CREATE TABLE `question_tag_relation` (
  `id` int(11) NOT NULL AUTO_INCREMENT COMMENT 'ID',
  `question_id` int(11) DEFAULT NULL COMMENT 'ID',
  `tag_id` int(11) DEFAULT NULL COMMENT 'ID',
  `created_at` datetime DEFAULT NULL COMMENT '创建日期',
  `updated_at` timestamp NOT NULL DEFAULT CURRENT_TIMESTAMP ON UPDATE CURRENT_TIMESTAMP COMMENT '更新日期',
  `is_deleted` tinyint(1) DEFAULT '0' COMMENT '是否删除',
  PRIMARY KEY (`id`),
  KEY `FK_Reference_10` (`tag_id`),
  KEY `FK_Reference_9` (`question_id`),
  CONSTRAINT `FK_Reference_10` FOREIGN KEY (`tag_id`) REFERENCES `tag` (`tag_id`),
  CONSTRAINT `FK_Reference_9` FOREIGN KEY (`question_id`) REFERENCES `questions` (`question_id`)
) ENGINE=InnoDB DEFAULT CHARSET=utf8 COMMENT='问题-标签关系表';

-- ----------------------------
-- Records of question_tag_relation
-- ----------------------------

-- ----------------------------
-- Table structure for `respondents`
-- ----------------------------
DROP TABLE IF EXISTS `respondents`;
CREATE TABLE `respondents` (
  `id` int(11) NOT NULL AUTO_INCREMENT COMMENT 'ID',
  `user_id` int(11) DEFAULT NULL COMMENT '用户id',
  `paper_id` int(11) DEFAULT NULL COMMENT 'ID',
  `question_id` int(11) DEFAULT NULL COMMENT 'ID',
  `created_at` datetime DEFAULT NULL COMMENT '创建日期',
  `updated_at` timestamp NOT NULL DEFAULT CURRENT_TIMESTAMP ON UPDATE CURRENT_TIMESTAMP COMMENT '更新日期',
  `is_deleted` tinyint(1) DEFAULT '0' COMMENT '是否删除',
  PRIMARY KEY (`id`),
  KEY `FK_Reference_5` (`user_id`),
  KEY `FK_Reference_6` (`paper_id`),
  KEY `FK_Reference_7` (`question_id`),
  CONSTRAINT `FK_Reference_5` FOREIGN KEY (`user_id`) REFERENCES `users` (`user_id`),
  CONSTRAINT `FK_Reference_6` FOREIGN KEY (`paper_id`) REFERENCES `papers` (`paper_id`),
  CONSTRAINT `FK_Reference_7` FOREIGN KEY (`question_id`) REFERENCES `questions` (`question_id`)
) ENGINE=InnoDB DEFAULT CHARSET=utf8 COMMENT='学生答卷';

-- ----------------------------
-- Records of respondents
-- ----------------------------

-- ----------------------------
-- Table structure for `tag`
-- ----------------------------
DROP TABLE IF EXISTS `tag`;
CREATE TABLE `tag` (
  `tag_id` int(11) NOT NULL AUTO_INCREMENT COMMENT 'ID',
  `name` varchar(255) DEFAULT NULL COMMENT '类别名称',
  `created_at` datetime DEFAULT NULL COMMENT '创建日期',
  `updated_at` timestamp NOT NULL DEFAULT CURRENT_TIMESTAMP ON UPDATE CURRENT_TIMESTAMP COMMENT '更新日期',
  `is_deleted` tinyint(1) DEFAULT '0' COMMENT '是否删除',
  PRIMARY KEY (`tag_id`)
) ENGINE=InnoDB AUTO_INCREMENT=3 DEFAULT CHARSET=utf8 COMMENT='题目标签';

-- ----------------------------
-- Records of tag
-- ----------------------------
INSERT INTO `tag` VALUES ('1', '标签1', '2014-04-24 23:00:05', '2014-04-24 23:00:05', '0');
INSERT INTO `tag` VALUES ('2', '标签2', '2014-04-24 23:00:13', '2014-04-26 12:11:55', '1');

-- ----------------------------
-- Table structure for `users`
-- ----------------------------
DROP TABLE IF EXISTS `users`;
CREATE TABLE `users` (
  `user_id` int(11) NOT NULL AUTO_INCREMENT COMMENT '用户id',
  `nickname` varchar(32) DEFAULT NULL,
  `mobile` varchar(32) DEFAULT NULL COMMENT '手机',
  `password` varchar(32) DEFAULT NULL COMMENT '密码',
  `sourse` varchar(32) DEFAULT NULL COMMENT '来源',
  `is_fee` tinyint(1) DEFAULT '0',
  `created_at` datetime DEFAULT NULL COMMENT '创建日期',
  `updated_at` timestamp NOT NULL DEFAULT CURRENT_TIMESTAMP ON UPDATE CURRENT_TIMESTAMP COMMENT '更新日期',
  `is_deleted` tinyint(1) DEFAULT '0' COMMENT '是否删除',
  PRIMARY KEY (`user_id`)
) ENGINE=InnoDB AUTO_INCREMENT=3 DEFAULT CHARSET=utf8;

-- ----------------------------
-- Records of users
-- ----------------------------
INSERT INTO `users` VALUES ('1', 'frank', '13621370125', '123456', null, '0', '2014-04-06 16:05:02', '2014-04-11 12:05:50', '0');
INSERT INTO `users` VALUES ('2', 'test2', '13001047235', '123456', null, '1', '2014-04-07 22:54:25', '2014-04-12 22:30:54', '0');
